설문번호,설문명
22,테스트설문입니다
24,교육과정 만족도
42,강사만족도
73,교과목별 만족도
73,교과목별 만족도(1분임)
73,교과목별 만족도(2분임)
73,교과목별 만족도(3분임)
73,교과목별 만족도(4분임)
73,교과목별 만족도(5분임)
73,교과목별 만족도(목~금)
73,교과목별 만족도(월~수)
73,교육강사 만족도
120,퍼실리테이터 만족도
121,(시민교육)교육과정 만족도
122,(시민교육)교과목별 만족도
125,(시민교육)교육과정 만족도
131,(테스트용)교육과정 만족도
132,(테스트용)교과목별 만족도
144,(팀장2기)교과목별 만족도
158,(역량교육)퍼실리테이터 만족도
158,(역량교육)퍼실리테이터 만족도(1분임)
158,(역량교육)퍼실리테이터 만족도(2분반-1)
158,(역량교육)퍼실리테이터 만족도(2분임)
158,(역량교육)퍼실리테이터 만족도(3분임)
158,(역량교육)퍼실리테이터 만족도(4분임)
158,(역량교육)퍼실리테이터 만족도(5분임)
158,(역량교육)퍼실리테이터 만족도(6분임)
158,(역량교육)퍼실리테이터 만족도(7분임)
158,(역량교육)퍼실리테이터 만족도(8분임)
159,교육과정 만족도
160,교과목별 만족도
160,교과목별 만족도(1분임)
160,교과목별 만족도(2분임)
160,교과목별 만족도(3분임)
160,교과목별 만족도(4분임)
160,교과목별 만족도(5분임)
160,교과목별 만족도(6분임)
160,교과목별 만족도(7분임)
160,교과목별 만족도(8분임)
165,(공통)교육과정 만족도
165,(공통)교육과정 만족도(1분임)
165,(공통)교육과정 만족도(2분임)
165,(공통)교육과정 만족도(3분임)
165,(공통)교육과정 만족도(4분임)
165,(공통)교육과정 만족도(5분임)
165,(공통)교육과정 만족도(6분임)
165,(공통)교육과정 만족도(7분임)
165,(공통)교육과정 만족도(국장급)
166,(글로벌인재양성)교과목별 만족도
167,(시민교육)교육과정 만족도
169,(글로벌비즈)교과목별 만족도
170,(시민교육)교육과정 만족도
212,(비대면)교육과정 만족도
212,(비대면)교육과정 만족도(1분임)
212,(비대면)교육과정 만족도(2분임)
320,(실시간온라인)교육과정 만족도(2021)
320,(실시간온라인)교육과정 만족도(2021)_ 수정
320,(실시간온라인)교육과정 만족도(2021)_최종222
321,(집합교육)교육과정 만족도(2021)
354,(글로벌인재양성)교과목별 만족도(2021)
354,(글로벌인재양성)교과목별 만족도(2021)(10.1.~11.12.)
354,(글로벌인재양성)교과목별 만족도(2021)(8.17.~9.30.)
354,(글로벌인재양성)교과목별 만족도(2021. 2.15~2.26.)
354,(글로벌인재양성)교과목별 만족도(2021.3.2.~3.26.)
354,(글로벌인재양성)교과목별 만족도(2021.3.29.~4.30.)
354,(글로벌인재양성)사회혁신워크숍(3.23.) 만족도조사
404,(시민교육)교육과정 만족도(2021)
429,(감사실무과정) 성과기여도 사전측정 설문
447,(1분임)교육과정 만족도(2021)
447,(2분임)교육과정 만족도(2021)
447,(3분임)교육과정 만족도(2021)
447,(4분임)교육과정 만족도(2021)
447,(실시간 온라인 교육)교육과정 만족도(1분임)
447,(실시간 온라인 교육)교육과정만족도(2분임)
447,(실시간 온라인 교육)교육과정만족도(3분임)
447,(역량개발)교육과정 만족도(2021)
455,(1분임)퍼실리테이터 만족도(2021)
455,(2분임)퍼실리테이터 만족도(2021)
455,(3분임)퍼실리테이터 만족도(2021)
455,(4분임)퍼실리테이터 만족도(2021)
455,(역량개발)퍼실리테이터 만족도(1분임)
455,(역량개발)퍼실리테이터 만족도(2021)
455,(역량개발)퍼실리테이터 만족도(2021)(1분반)
455,(역량개발)퍼실리테이터 만족도(2021)(1분임)
455,(역량개발)퍼실리테이터 만족도(2021)(2분반)
455,(역량개발)퍼실리테이터 만족도(2021)(2분임)
455,(역량개발)퍼실리테이터 만족도(2021)(3분임)
455,(역량개발)퍼실리테이터 만족도(2021)(4분임)
455,(역량개발)퍼실리테이터 만족도(2021)(5분임)
455,(역량개발)퍼실리테이터 만족도(2021)(6분임)
455,(역량개발)퍼실리테이터 만족도(2021)(7분임)
455,(역량개발)퍼실리테이터 만족도(2021)-1분임
455,(역량개발)퍼실리테이터 만족도(2021)-2분임
455,(역량개발)퍼실리테이터 만족도(2021)-3분임
455,(역량개발)퍼실리테이터 만족도(2021)-4분임
455,(역량개발)퍼실리테이터 만족도(2021)-5분임
455,(역량개발)퍼실리테이터 만족도(2021)-6분임
455,(역량개발)퍼실리테이터 만족도(2021-1분반)
455,(역량개발)퍼실리테이터 만족도(2021-2분반)
455,(역량개발)퍼실리테이터 만족도(2021-3분반)
455,(역량개발)퍼실리테이터 만족도(2분임)
455,(역량개발)퍼실리테이터 만족도(3분임)
455,(역량개발)퍼실리테이터 만족도(7기-1분임)
455,(역량개발)퍼실리테이터 만족도(7기-2분임)
455,(역량개발)퍼실리테이터 만족도(7기-3분임)
455,(역량개발)퍼실리테이터 만족도(7기-4분임)
455,(역량개발)퍼실리테이터 만족도-1분임
455,(역량개발)퍼실리테이터 만족도-2분임
455,(역량개발)퍼실리테이터 만족도-3분임
455,(역량개발)퍼실리테이터 만족도-4분임
463,(시민교육 비대면)교육과정 만족도(2021)
482,현업적용도 설문 (2021 지방재정실무)
508,(시민교육)교육과정 만족도(2021)
518,(글로벌인재양성)교육과정 운영 만족도(2021)
518,(실시간온라인)교육과정 만족도(2021) 2차
518,(제8기 일반직신규임용자과정)교육과정 만족도(2021) 2차
519,(집합교육)교육과정 만족도(2021) 2차
522,(역량개발 실시간)교육과정 만족도(2021) 2차
522,(역량개발 실시간)교육과정 만족도(2021) 2차(1분반)
522,(역량개발 실시간)교육과정 만족도(2021) 2차(1분임)
522,(역량개발 실시간)교육과정 만족도(2021) 2차(2분반)
522,(역량개발 실시간)교육과정 만족도(2021) 2차(2분임)
522,(역량개발 실시간)교육과정 만족도(2021) 2차(3분임)
522,(역량개발 실시간)교육과정 만족도(2021) 2차(4분임)
522,(역량개발 실시간)교육과정 만족도(2021) 2차(5분임)
522,(역량개발 실시간)교육과정 만족도(2021) 2차(6분임)
522,(역량개발 실시간)교육과정 만족도(2021) 2차(7분임)
524,(시민교육 집합)교육과정 만족도(2021) 2차
527,(역량개발집합)교육과정 만족도(2021)
527,(역량개발집합)교육과정 만족도(2021-3분반)
538,(혼합)교육과정 만족도(2021) 2차
540,현업적용도 설문 (2021 일반직 신규임용자)
548,(역량개발집합)교육과정 만족도(2021)
548,(역량개발집합)교육과정 만족도(2021) 2차(1분임)
548,(역량개발집합)교육과정 만족도(2021) 2차(2분임)
548,(역량개발집합)교육과정 만족도(2021) 2차(3분임)
548,(역량개발집합)교육과정 만족도(2021) 2차(4분임)
548,(역량개발집합)교육과정 만족도(2021) 2차(5분임)
548,(역량개발집합)교육과정 만족도(2021) 2차(6분임)
548,(역량개발집합)교육과정 만족도(2021) 2차(수정)
548,(역량개발집합)교육과정 만족도(2021)-1분임
548,(역량개발집합)교육과정 만족도(2021)-2분임
548,(역량개발집합)교육과정 만족도(2021)-3분임
548,(역량개발집합)교육과정 만족도(2021)-4분임
548,(역량개발집합)교육과정 만족도(2021-1분반)
548,(역량개발집합)교육과정 만족도(2021-2분반)
548,(역량개발집합)교육과정 만족도(7기-1분임)
548,(역량개발집합)교육과정 만족도(7기-2분임)
548,(역량개발집합)교육과정 만족도(7기-3분임)
548,(역량개발집합)교육과정 만족도(7기-4분임)
564,현업적용도 설문 (2021 재난안전실무자)
579,현업적용도･성과기여도 설문 (2021 감사실무)(17번)
580,현업적용도･성과기여도 설문 (2021 감사실무)(16번)
581,현업적용도･성과기여도 설문 (2021 감사실무)(15번)
582,현업적용도･성과기여도 설문 (2021 감사실무)(14번)
583,현업적용도･성과기여도 설문 (2021 감사실무)(13번)
584,현업적용도･성과기여도 설문 (2021 감사실무)(12번)
585,현업적용도･성과기여도 설문 (2021 감사실무)(11번)
586,현업적용도･성과기여도 설문 (2021 감사실무)(10번)
587,현업적용도･성과기여도 설문 (2021 감사실무)(09번)
588,현업적용도･성과기여도 설문 (2021 감사실무)(08번)
589,현업적용도･성과기여도 설문 (2021 감사실무)(07번)
590,현업적용도･성과기여도 설문 (2021 감사실무)(06번)
591,현업적용도･성과기여도 설문 (2021 감사실무)(05번)
592,현업적용도･성과기여도 설문 (2021 감사실무)(04번)
593,현업적용도･성과기여도 설문 (2021 감사실무)(03번)
594,현업적용도･성과기여도 설문 (2021 감사실무)(02번)
595,현업적용도･성과기여도 설문 (2021 감사실무)(01번)
603,현업적용도 설문 (2021 시설물 정기안전점검(토목))
605,(집합교육)교육과정 만족도(2021) 2차
615,현업적용도 설문 (2021 사회복지법인 및 시설관리실무)
676,현업적용도 설문 (2021년 제5기 일반직 신규임용자)
677,현업적용도 설문 (2021년 제2기 지방재정실무)
678,현업적용도 설문 (2021년 제2기 재난안전실무자)
679,현업적용도 설문 (2021년 제1기 토지행정 및 공간정보활용)
688,현업적용도 설문 (2021년 제1기 안전대진단 및 시설안전점검)
706,(타시도 교육)교육과정 만족도(2021)
742,(집합교육)교육과정 만족도(2022)
743,(실시간온라인)교육과정 만족도(2022)
744,(시민교육 집합)교육과정 만족도(2022)
745,(시민교육 비대면)교육과정 만족도(2022)
746,(타시도 교육)교육과정 만족도(2022)
747,(글로벌인재양성)교과목별 만족도(2022)
747,(글로벌인재양성)교과목별 만족도(2023)
748,(혼합:실+집)교육과정 만족도(2022)
751,(역량개발)퍼실리테이터 만족도(2022)
751,(역량개발)퍼실리테이터 만족도(2022)-1분임
751,(역량개발)퍼실리테이터 만족도(2022)-2분임
751,(역량개발)퍼실리테이터 만족도(2022)_1분임
751,(역량개발)퍼실리테이터 만족도(2022)_2분임
751,(역량개발)퍼실리테이터 만족도(2022)_3분임
751,(역량개발)퍼실리테이터 만족도(2022)_4분임
751,(역량개발)퍼실리테이터 만족도(2022)_5분임
751,(역량개발)퍼실리테이터 만족도(2022)_6분임
751,(역량개발)퍼실리테이터 만족도(2022)_7분임
751,(역량개발)퍼실리테이터 만족도(2023)_1분임
751,(역량개발)퍼실리테이터 만족도(2023)_2분임
751,(역량개발)퍼실리테이터 만족도(2023)_3분임
751,(역량개발)퍼실리테이터 만족도(2023)_4분임
751,(역량개발)퍼실리테이터 만족도(2023)_5분임
751,(역량개발)퍼실리테이터 만족도(2023)_6분임
751,(역량개발)퍼실리테이터 만족도(2023)_7분임
751,(역량개발)퍼실리테이터 만족도(2023)_8분임
752,(역량개발 집합)교육과정 만족도(2022)
752,(역량개발 집합)교육과정 만족도(2022) -1분임
752,(역량개발 집합)교육과정 만족도(2022) -2분임
752,(역량개발 집합)교육과정 만족도(2022) _1분임
752,(역량개발 집합)교육과정 만족도(2022) _2분임
752,(역량개발 집합)교육과정 만족도(2022) _3분임
752,(역량개발 집합)교육과정 만족도(2022) _4분임
752,(역량개발 집합)교육과정 만족도(2022) _5분임
752,(역량개발 집합)교육과정 만족도(2022) _6분임
752,(역량개발 집합)교육과정 만족도(2022) _7분임
752,(역량개발 집합)교육과정 만족도(2022)_1분임
752,(역량개발 집합)교육과정 만족도(2022)_2분임
752,(역량개발 집합)교육과정 만족도(2022)_3분임
752,(역량개발 집합)교육과정 만족도(2022)_3분임
752,(역량개발 집합)교육과정 만족도(2022)_4분임
752,(역량개발 집합)교육과정 만족도(2023) _1분임
752,(역량개발 집합)교육과정 만족도(2023) _2분임
752,(역량개발 집합)교육과정 만족도(2023) _3분임
752,(역량개발 집합)교육과정 만족도(2023) _4분임
752,(역량개발 집합)교육과정 만족도(2023) _5분임
752,(역량개발 집합)교육과정 만족도(2023)_1분임
752,(역량개발 집합)교육과정 만족도(2023)_2분임
752,(역량개발 집합)교육과정 만족도(2023)_3분임
752,(역량개발 집합)교육과정 만족도(2023)_4분임
752,(역량개발 집합)교육과정 만족도(2023)_5분임
752,(역량개발 집합)교육과정 만족도(2023)_6분임
752,(역량개발 집합)교육과정 만족도(2023)_7분임
752,(역량개발 집합)교육과정 만족도(2023)_8분임
780,(혼합교육) 이러닝+집합 교육과정 만족도(2022)
781,(혼합교육) 이러닝+실시간온라인 교육과정 만족도(2022)
783,현업적용도 설문 (2021년 제2기 토지행정 및 공간정보활용)
784,현업적용도 설문 (2021년 제1기 상수도시설 운영관리)
785,현업적용도 설문 (2021년 제1기 전기안전실무자)
786,현업적용도 설문 (2021년 제1기 지방소득세 실무)
787,현업적용도 설문 (2021년 제2기 사회복지법인 및 시설관리실무)
859,(감사실무과정) 2022년도 성과기여도 사전측정 설문(01)
860,(감사실무과정) 2022년도 성과기여도 사전측정 설문(02)
861,(감사실무과정) 2022년도 성과기여도 사전측정 설문(03)
862,(감사실무과정) 2022년도 성과기여도 사전측정 설문(04)
863,(감사실무과정) 2022년도 성과기여도 사전측정 설문(05)
864,(감사실무과정) 2022년도 성과기여도 사전측정 설문(06)
865,(감사실무과정) 2022년도 성과기여도 사전측정 설문(07)
866,(감사실무과정) 2022년도 성과기여도 사전측정 설문(08)
867,(감사실무과정) 2022년도 성과기여도 사전측정 설문(09)
868,(감사실무과정) 2022년도 성과기여도 사전측정 설문(10)
869,(감사실무과정) 2022년도 성과기여도 사전측정 설문(11)
870,(감사실무과정) 2022년도 성과기여도 사전측정 설문(12)
871,(감사실무과정) 2022년도 성과기여도 사전측정 설문(13)
872,(감사실무과정) 2022년도 성과기여도 사전측정 설문(14)
873,(감사실무과정) 2022년도 성과기여도 사전측정 설문(15)
874,(감사실무과정) 2022년도 성과기여도 사전측정 설문(16)
875,(감사실무과정) 2022년도 성과기여도 사전측정 설문(17)
876,(감사실무과정) 2022년도 성과기여도 사전측정 설문(18)
877,(감사실무과정) 2022년도 성과기여도 사전측정 설문(19)
878,(감사실무과정) 2022년도 성과기여도 사전측정 설문(20)
881,(타시도 교육)교육과정 만족도(2022) _부울경 메가시티 구축 협력
913,현업적용도 설문 (2022년 제3기 일반직 신규임용자)
914,현업적용도 설문 (2022년 제1기 지방재정실무)
915,현업적용도 설문 (2022년 제1기 재난안전실무자)
916,현업적용도 설문 (2022년 제1기 특사경 수사실무)
944,(시민교육 집합)교육과정 만족도(2022)  수정
963,현업적용도 설문 (2022년 제1기 안전대진단 및 시설안전점검)
964,현업적용도 설문 (2022년 제1기 사회복지법인 및 시설관리실무)
964,현업적용도 설문 (2022년 제2기 사회복지법인 및 시설관리실무)
965,현업적용도 설문 (2022년 제1기 공무직 인사실무)
996,(타시도 교육)교육과정 만족도(2022) - UN평화도시 부산유산 체험
1000,(타시도 교육)교육과정 만족도(2022) - 영화가 좋다
1031,현업적용도･성과기여도 설문 (2022 감사실무)(02번)
1032,현업적용도･성과기여도 설문 (2022 감사실무)(03번)
1033,현업적용도･성과기여도 설문 (2022 감사실무)(04번)
1034,현업적용도･성과기여도 설문 (2022 감사실무)(06번)
1035,현업적용도･성과기여도 설문 (2022 감사실무)(07번)
1036,현업적용도･성과기여도 설문 (2022 감사실무)(08번)
1037,현업적용도･성과기여도 설문 (2022 감사실무)(09번)
1038,현업적용도･성과기여도 설문 (2022 감사실무)(10번)
1039,현업적용도･성과기여도 설문 (2022 감사실무)(11번)
1040,현업적용도･성과기여도 설문 (2022 감사실무)(12번)
1041,현업적용도･성과기여도 설문 (2022 감사실무)(13번)
1042,현업적용도･성과기여도 설문 (2022 감사실무)(14번)
1043,현업적용도･성과기여도 설문 (2022 감사실무)(15번)
1044,현업적용도･성과기여도 설문 (2022 감사실무)(16번)
1045,현업적용도･성과기여도 설문 (2022 감사실무)(17번)
1046,현업적용도･성과기여도 설문 (2022 감사실무)(18번)
1047,현업적용도･성과기여도 설문 (2022 감사실무)(19번)
1048,현업적용도･성과기여도 설문 (2022 감사실무)(20번)
1054,현업적용도 설문 (2022년 상수도 시설관리)
1055,현업적용도 설문 (2022 시설물 정기안전점검(토목))
1056,현업적용도 설문 (2022년 제2기 재난안전실무자)
1057,현업적용도 설문 (2022년 제1기 토지행정 및 공간정보활용)
1086,(열린강좌)집합교육생용(2022)
1103,(지방재정실무과정) 2022년도 성과기여도 사전측정 설문(20)
1104,(지방재정실무과정) 2022년도 성과기여도 사전측정 설문(19)
1105,(지방재정실무과정) 2022년도 성과기여도 사전측정 설문(18)
1106,(지방재정실무과정) 2022년도 성과기여도 사전측정 설문(17)
1107,(지방재정실무과정) 2022년도 성과기여도 사전측정 설문(16)
1108,(지방재정실무과정) 2022년도 성과기여도 사전측정 설문(15)
1109,(지방재정실무과정) 2022년도 성과기여도 사전측정 설문(14)
1110,(지방재정실무과정) 2022년도 성과기여도 사전측정 설문(13)
1111,(지방재정실무과정) 2022년도 성과기여도 사전측정 설문(12)
1112,(지방재정실무과정) 2022년도 성과기여도 사전측정 설문(11)
1113,(지방재정실무과정) 2022년도 성과기여도 사전측정 설문(10)
1114,(지방재정실무과정) 2022년도 성과기여도 사전측정 설문(09)
1115,(지방재정실무과정) 2022년도 성과기여도 사전측정 설문(08)
1116,(지방재정실무과정) 2022년도 성과기여도 사전측정 설문(07)
1117,(지방재정실무과정) 2022년도 성과기여도 사전측정 설문(06)
1118,(지방재정실무과정) 2022년도 성과기여도 사전측정 설문(05)
1119,(지방재정실무과정) 2022년도 성과기여도 사전측정 설문(04)
1120,(지방재정실무과정) 2022년도 성과기여도 사전측정 설문(03)
1121,(지방재정실무과정) 2022년도 성과기여도 사전측정 설문(02)
1122,(지방재정실무과정) 2022년도 성과기여도 사전측정 설문(01)
1146,(타시도 교육)교육과정 만족도(2022) - 영화가 좋다
1170,(글로벌인재양성과정)교육과정 만족도(2022)
1175,(타시도 교육)교육과정 만족도(2022) - UN평화도시 부산유산 체험
1202,자치단체 통합교육관리시스템 만족도 조사
1236,현업적용도 설문 (2022년 제8기 일반직 신규임용자)
1237,현업적용도 설문 (2022년 제2기 안전대진단 및 시설안전점검)
1238,현업적용도･성과기여도 설문 (2022년 제2기 지방재정실무)(17)
1239,현업적용도･성과기여도 설문 (2022년 제2기 지방재정실무)(16)
1240,현업적용도･성과기여도 설문 (2022년 제2기 지방재정실무)(15)
1241,현업적용도･성과기여도 설문 (2022년 제2기 지방재정실무)(14)
1242,현업적용도･성과기여도 설문 (2022년 제2기 지방재정실무)(13)
1243,현업적용도･성과기여도 설문 (2022년 제2기 지방재정실무)(12)
1244,현업적용도･성과기여도 설문 (2022년 제2기 지방재정실무)(11)
1245,현업적용도･성과기여도 설문 (2022년 제2기 지방재정실무)(10)
1246,현업적용도･성과기여도 설문 (2022년 제2기 지방재정실무)(09)
1247,현업적용도･성과기여도 설문 (2022년 제2기 지방재정실무)(08)
1248,현업적용도･성과기여도 설문 (2022년 제2기 지방재정실무)(07)
1249,현업적용도･성과기여도 설문 (2022년 제2기 지방재정실무)(06)
1250,현업적용도･성과기여도 설문 (2022년 제2기 지방재정실무)(05)
1251,현업적용도･성과기여도 설문 (2022년 제2기 지방재정실무)(04)
1252,현업적용도･성과기여도 설문 (2022년 제2기 지방재정실무)(03)
1253,현업적용도･성과기여도 설문 (2022년 제2기 지방재정실무)(02)
1254,현업적용도･성과기여도 설문 (2022년 제2기 지방재정실무)(01)
1312,(집합교육)교육과정 만족도(2023)
1313,(실시간온라인)교육과정 만족도(2023)
1314,(혼합교육) 이러닝+집합 교육과정 만족도(2023)
1328,현업적용도 설문 (2022년 지방소득세 실무)
1329,현업적용도 설문 (2022년 전기안전실무자)
1393,우리팀의 강점을 찾아 떠나는 교육과정 만족도(2023-1)
1399,우리팀의 강점을 찾아 떠나는 교육과정 만족도(2023-2)
1435,(열린강좌)집합교육생용(2023. 1기)
1435,(열린강좌)집합교육생용(2023년)
1439,(감사실무과정) 2023년도 성과기여도 사전측정 설문(1)
1440,(감사실무과정) 2023년도 성과기여도 사전측정 설문(2)
1441,(감사실무과정) 2023년도 성과기여도 사전측정 설문(3)
1442,(감사실무과정) 2023년도 성과기여도 사전측정 설문(4)
1443,(감사실무과정) 2023년도 성과기여도 사전측정 설문(5)
1444,(감사실무과정) 2023년도 성과기여도 사전측정 설문(6)
1445,(감사실무과정) 2023년도 성과기여도 사전측정 설문(7)
1446,(감사실무과정) 2023년도 성과기여도 사전측정 설문(8)
1447,(감사실무과정) 2023년도 성과기여도 사전측정 설문(9)
1448,(감사실무과정) 2023년도 성과기여도 사전측정 설문(10)
1449,(감사실무과정) 2023년도 성과기여도 사전측정 설문(11)
1450,(감사실무과정) 2023년도 성과기여도 사전측정 설문(12)
1451,(감사실무과정) 2023년도 성과기여도 사전측정 설문(13)
1452,(감사실무과정) 2023년도 성과기여도 사전측정 설문(14)
1453,(감사실무과정) 2023년도 성과기여도 사전측정 설문(15)
1454,(감사실무과정) 2023년도 성과기여도 사전측정 설문(16)
1455,(감사실무과정) 2023년도 성과기여도 사전측정 설문(17)
1456,(감사실무과정) 2023년도 성과기여도 사전측정 설문(18)
1457,(감사실무과정) 2023년도 성과기여도 사전측정 설문(19)
1458,(공무직 기간제근로자 인사실무 과정) 2023년도 성과기여도 사전측정 설문(30)
1459,(공무직 기간제근로자 인사실무 과정) 2023년도 성과기여도 사전측정 설문(29)
1460,(공무직 기간제근로자 인사실무 과정) 2023년도 성과기여도 사전측정 설문(28)
1461,(공무직 기간제근로자 인사실무 과정) 2023년도 성과기여도 사전측정 설문(27)
1462,(공무직 기간제근로자 인사실무 과정) 2023년도 성과기여도 사전측정 설문(26)
1463,(공무직 기간제근로자 인사실무 과정) 2023년도 성과기여도 사전측정 설문(25)
1464,(공무직 기간제근로자 인사실무 과정) 2023년도 성과기여도 사전측정 설문(24)
1465,(공무직 기간제근로자 인사실무 과정) 2023년도 성과기여도 사전측정 설문(23)
1466,(공무직 기간제근로자 인사실무 과정) 2023년도 성과기여도 사전측정 설문(22)
1467,(공무직 기간제근로자 인사실무 과정) 2023년도 성과기여도 사전측정 설문(21)
1468,(공무직 기간제근로자 인사실무 과정) 2023년도 성과기여도 사전측정 설문(20)
1469,(공무직 기간제근로자 인사실무 과정) 2023년도 성과기여도 사전측정 설문(19)
1470,(공무직 기간제근로자 인사실무 과정) 2023년도 성과기여도 사전측정 설문(18)
1471,(공무직 기간제근로자 인사실무 과정) 2023년도 성과기여도 사전측정 설문(17)
1472,(공무직 기간제근로자 인사실무 과정) 2023년도 성과기여도 사전측정 설문(16)
1473,(공무직 기간제근로자 인사실무 과정) 2023년도 성과기여도 사전측정 설문(15)
1474,(공무직 기간제근로자 인사실무 과정) 2023년도 성과기여도 사전측정 설문(14)
1475,(공무직 기간제근로자 인사실무 과정) 2023년도 성과기여도 사전측정 설문(13)
1476,(공무직 기간제근로자 인사실무 과정) 2023년도 성과기여도 사전측정 설문(12)
1477,(공무직 기간제근로자 인사실무 과정) 2023년도 성과기여도 사전측정 설문(11)
1478,(공무직 기간제근로자 인사실무 과정) 2023년도 성과기여도 사전측정 설문(10)
1479,(공무직 기간제근로자 인사실무 과정) 2023년도 성과기여도 사전측정 설문(9)
1480,(공무직 기간제근로자 인사실무 과정) 2023년도 성과기여도 사전측정 설문(8)
1481,(공무직 기간제근로자 인사실무 과정) 2023년도 성과기여도 사전측정 설문(7)
1482,(공무직 기간제근로자 인사실무 과정) 2023년도 성과기여도 사전측정 설문(6)
1483,(공무직 기간제근로자 인사실무 과정) 2023년도 성과기여도 사전측정 설문(5)
1484,(공무직 기간제근로자 인사실무 과정) 2023년도 성과기여도 사전측정 설문(4)
1485,(공무직 기간제근로자 인사실무 과정) 2023년도 성과기여도 사전측정 설문(3)
1486,(공무직 기간제근로자 인사실무 과정) 2023년도 성과기여도 사전측정 설문(2)
1487,(공무직 기간제근로자 인사실무 과정) 2023년도 성과기여도 사전측정 설문(1)
1488,(감사실무과정) 2023년도 성과기여도 사전측정 설문(20)
1489,(감사실무과정) 2023년도 성과기여도 사전측정 설문(21)
1490,(감사실무과정) 2023년도 성과기여도 사전측정 설문(22)
1503,(타시도 교육)교육과정 만족도(2023)_식문화탐구
1510,(집합교육)교육과정 만족도(2023)
1551,(타시도 교육)교육과정 만족도(2023) _미술도시부산(타시도)
1552,(타시도 교육)교육과정 만족도(2023) _미술도시부산(부산시)_숙박 등 일부항목 제외
1587,현업적용도 설문 (2023년 특별사법경찰 수사실무)
1593,(집합교육)교육과정 만족도(2023)
1593,(집합교육)교육과정 만족도(2023)_1분임
1593,(집합교육)교육과정 만족도(2023)_2분임
1593,(집합교육)교육과정 만족도(2023)_3분임
1593,(집합교육)교육과정 만족도(2023)_4분임
1593,(집합교육)교육과정 만족도(2023)_5분임
1593,(집합교육)교육과정 만족도(2023)_6분임
12039,(지방재정실무과정) 2023년도 성과기여도 사전측정 설문
